Customer_Update,27,0,5,0
UpdateCustomer_Inner,20,0,2,0
MainMenu,7,0,2,0
Car_Update,34,0,5,0
Car_UpdateInner,28,0,2,0
CarOwner_Update,27,0,5,0
UpdateCarOwner_Inner,20,0,2,0
Car_Add,27,0,3,0
Booking_Details,12,0,4,0
Booking_Details_ActionListener,0,0,1,0
CarOwner_Remove,6,0,2,0
CarOwner_Remove_ActionListener,0,0,1,0
Customer_Add,21,0,2,0
Customer_Add_ActionListener,0,0,1,0
Car_Remove,6,0,3,0
Booking_UnBookCar,6,0,3,0
CarOwner_Details,14,0,3,0
Login,10,0,2,0
LoginActionListener,0,0,1,0
Runner,3,0,2,0
Customer_Remove,6,0,2,0
Customer_Remove_ActionListener,0,0,1,0
Booking_BookCar,10,0,3,0
CarOwner_Add,21,0,2,0
CarOwner_Add_ActionListener,0,0,1,0
Parent_JFrame,22,0,3,0
Parent_JFrame_ActionListner,0,0,1,0
Customer_Details,14,0,3,0
Car_Details,13,0,4,0
Car_Details_ActionListener,0,0,1,0
Customer,1,0,10,0
Booking,5,0,21,0
CarOwner,1,0,11,0
Person,4,0,16,0
Car,11,0,33,0
