Customer_Update,windowClosing,actionPerformed,actionPerformed,actionPerformed,actionPerformed
UpdateCustomer_Inner,actionPerformed,actionPerformed
MainMenu,getMainPanel,actionPerformed
Car_Update,windowClosing,actionPerformed,actionPerformed,actionPerformed,actionPerformed
Car_UpdateInner,actionPerformed,actionPerformed
CarOwner_Update,windowClosing,actionPerformed,actionPerformed,actionPerformed,actionPerformed
UpdateCarOwner_Inner,actionPerformed,actionPerformed
Car_Add,windowClosing,actionPerformed,actionPerformed
Booking_Details,isCellEditable,getTablemodel,getMainPanel,actionPerformed
Booking_Details_ActionListener,actionPerformed
CarOwner_Remove,windowClosing,actionPerformed
CarOwner_Remove_ActionListener,actionPerformed
Customer_Add,windowClosing,actionPerformed
Customer_Add_ActionListener,actionPerformed
Car_Remove,windowClosing,actionPerformed,actionPerformed
Booking_UnBookCar,windowClosing,actionPerformed,actionPerformed
CarOwner_Details,isCellEditable,getMainPanel,actionPerformed
Login,getMainPanel,actionPerformed
LoginActionListener,actionPerformed
Runner,getFrame,main
Customer_Remove,windowClosing,actionPerformed
Customer_Remove_ActionListener,actionPerformed
Booking_BookCar,windowClosing,actionPerformed,actionPerformed
CarOwner_Add,windowClosing,actionPerformed
CarOwner_Add_ActionListener,actionPerformed
Parent_JFrame,windowClosing,getMainFrame,actionPerformed
Parent_JFrame_ActionListner,actionPerformed
Customer_Details,isCellEditable,getMainPanel,actionPerformed
Car_Details,getTablemodel,getMainPanel,isCellEditable,actionPerformed
Car_Details_ActionListener,actionPerformed
Customer,getBill,setBill,toString,Add,Update,Remove,SearchByName,SearchByCNIC,SearchByID,View
Booking,getID,setID,getCustomer,setCustomer,getCar,setCar,getRentTime,setRentTime,getReturnTime,setReturnTime,toString,Add,Update,Remove,calculateBill,SearchByCustomerID,SearchByCarRegNo,SearchByCarID,View,getBookedCars,getUnbookedCars
CarOwner,getBalance,setBalance,toString,Add,Update,Remove,SearchByName,SearchByCNIC,SearchByID,getAllCars,View
Person,getID,setID,getCNIC,setCNIC,getName,setName,getContact_No,setContact_No,Add,Update,Remove,toString,isCNICValid,isContactNoValid,isNameValid,isIDvalid
Car,getID,setID,getMaker,setMaker,getName,setName,getColour,setColour,getType,setType,getSeatingCapacity,setSeatingCapacity,getModel,setModel,getCondition,setCondition,getRegNo,setRegNo,getRentPerHour,setRentPerHour,getCarOwner,setCarOwner,toString,Add,Update,Remove,SearchByName,SearchByID,SearchByRegNo,View,isNameValid,isRegNoValid,isRented
