Customer_Update,windowClosing,frame
Customer_Update,actionPerformed,ID_TextField,ID_TextField,customer,customer,frame,IDValidity_Label,IDValidity_Label
Customer_Update,actionPerformed,frame
Customer_Update,actionPerformed,CNIC_TextField,Name_TextField,Contact_TextField,customer,CNICValidity_Label,CNICValidity_Label,NameValidity_Label,NameValidity_Label,contactValidity_Label,contactValidity_Label,customer,customer,customer,customer,customer
Customer_Update,actionPerformed
UpdateCustomer_Inner,actionPerformed,CNIC_TextField,Name_TextField,Contact_TextField,CNICValidity_Label,CNICValidity_Label,NameValidity_Label,NameValidity_Label,contactValidity_Label,contactValidity_Label
UpdateCustomer_Inner,actionPerformed
MainMenu,getMainPanel,MainPanel
MainMenu,actionPerformed
Car_Update,windowClosing
Car_Update,actionPerformed,CarID_TextField,CarIDValidity_Label,CarIDValidity_Label,CarIDValidity_Label,CarIDValidity_Label,car,car,CarIDValidity_Label
Car_Update,actionPerformed
Car_Update,actionPerformed,Maker_TextField,Name_TextField,RegNo_TextField,OwnerID_TextField,RentPerHour_TextField,NameValidity_Label,NameValidity_Label,NameValidity_Label,MakerValidity_Label,MakerValidity_Label,MakerValidity_Label,RegNoValidity_Label,car,RegNoValidity_Label,RegNoValidity_Label,OwnerIDValidity_Label,carOwner,carOwner,OwnerIDValidity_Label,OwnerIDValidity_Label,OwnerIDValidity_Label,OwnerIDValidity_Label,RentPerHourValidity_Label,RentPerHourValidity_Label,RentPerHourValidity_Label,RentPerHourValidity_Label,car,car,Colour_ComboBox,Type_ComboBox,SeatingCapacity_Spinner,Model_ComboBox,Condition_ComboBox,carOwner,car
Car_Update,actionPerformed
Car_UpdateInner,actionPerformed,Maker_TextField,Name_TextField,RegNo_TextField,OwnerID_TextField,RentPerHour_TextField,NameValidity_Label,NameValidity_Label,NameValidity_Label,MakerValidity_Label,MakerValidity_Label,MakerValidity_Label,RegNoValidity_Label,RegNoValidity_Label,RegNoValidity_Label,OwnerIDValidity_Label,carOwner,carOwner,OwnerIDValidity_Label,OwnerIDValidity_Label,OwnerIDValidity_Label,OwnerIDValidity_Label,RentPerHourValidity_Label,RentPerHourValidity_Label,RentPerHourValidity_Label,RentPerHourValidity_Label,Colour_ComboBox,Type_ComboBox,SeatingCapacity_Spinner,Model_ComboBox,Condition_ComboBox,carOwner
Car_UpdateInner,actionPerformed
CarOwner_Update,windowClosing,frame
CarOwner_Update,actionPerformed,ID_TextField,ID_TextField,carOwner,carOwner,frame,IDValidity_Label,IDValidity_Label
CarOwner_Update,actionPerformed,frame
CarOwner_Update,actionPerformed,CNIC_TextField,Name_TextField,Contact_TextField,carOwner,CNICValidity_Label,CNICValidity_Label,NameValidity_Label,NameValidity_Label,contactValidity_Label,contactValidity_Label,carOwner,carOwner,carOwner,carOwner,carOwner
CarOwner_Update,actionPerformed
UpdateCarOwner_Inner,actionPerformed,CNIC_TextField,Name_TextField,Contact_TextField,CNICValidity_Label,CNICValidity_Label,NameValidity_Label,NameValidity_Label,contactValidity_Label,contactValidity_Label
UpdateCarOwner_Inner,actionPerformed
Car_Add,windowClosing
Car_Add,actionPerformed,Maker_TextField,Name_TextField,RegNo_TextField,OwnerID_TextField,RentPerHour_TextField,Name_TextField,NameValidity_Label,NameValidity_Label,NameValidity_Label,MakerValidity_Label,MakerValidity_Label,MakerValidity_Label,RegNoValidity_Label,RegNoValidity_Label,RegNoValidity_Label,OwnerIDValidity_Label,OwnerIDValidity_Label,OwnerIDValidity_Label,OwnerIDValidity_Label,RentPerHourValidity_Label,RentPerHourValidity_Label,RentPerHourValidity_Label,RentPerHourValidity_Label,Colour_ComboBox,Type_ComboBox,SeatingCapacity_Spinner,Model_ComboBox,Condition_ComboBox
Car_Add,actionPerformed
Booking_Details,isCellEditable
Booking_Details,getTablemodel,tablemodel
Booking_Details,getMainPanel,MainPanel
Booking_Details,actionPerformed,CustomerID_TextField,CustomerID_TextField,CarRegNo_TextField,CustomerID_TextField
Booking_Details_ActionListener,actionPerformed
CarOwner_Remove,windowClosing,frame
CarOwner_Remove,actionPerformed,ID_TextField,frame,frame,frame,frame
CarOwner_Remove_ActionListener,actionPerformed
Customer_Add,windowClosing,frame
Customer_Add,actionPerformed,CNIC_TextField,Name_TextField,Contact_TextField,frame,frame
Customer_Add_ActionListener,actionPerformed
Car_Remove,windowClosing
Car_Remove,actionPerformed,CarID_TextField,CarIDValidity_Label,car,car,car,car,CarIDValidity_Label,CarIDValidity_Label,CarIDValidity_Label
Car_Remove,actionPerformed
Booking_UnBookCar,windowClosing
Booking_UnBookCar,actionPerformed,CarID_TextField,CarIDValidity_Label,car,car,car,CarIDValidity_Label,car,car,CarIDValidity_Label,CarIDValidity_Label,CarIDValidity_Label,car,car
Booking_UnBookCar,actionPerformed
CarOwner_Details,isCellEditable
CarOwner_Details,getMainPanel,MainPanel
CarOwner_Details,actionPerformed,SearchID_TextField,SearchID_TextField,SearchID_TextField,SearchName_TextField,SearchName_TextField,SearchName_TextField
Login,getMainPanel,MainPanel
Login,actionPerformed,UN_TextField,Password_Field,UN_TextField,Password_Field
LoginActionListener,actionPerformed
Runner,getFrame,FRAME
Runner,main,Runner,FRAME,Runner,FRAME,Runner,FRAME,Runner,FRAME
Customer_Remove,windowClosing,frame
Customer_Remove,actionPerformed,ID_TextField,frame,frame,frame,frame
Customer_Remove_ActionListener,actionPerformed
Booking_BookCar,windowClosing
Booking_BookCar,actionPerformed,CarID_TextField,CarIDValidity_Label,car,car,car,CarIDValidity_Label,car,CarIDValidity_Label,CarIDValidity_Label,CarIDValidity_Label,CarIDValidity_Label,CustomerID_TextField,CustomerIDValidity_Label,customer,customer,CustomerIDValidity_Label,CustomerIDValidity_Label,CustomerIDValidity_Label,CustomerIDValidity_Label,car,customer,customer,car
Booking_BookCar,actionPerformed
CarOwner_Add,windowClosing,frame
CarOwner_Add,actionPerformed,CNIC_TextField,Name_TextField,Contact_TextField,frame,frame
CarOwner_Add_ActionListener,actionPerformed
Parent_JFrame,windowClosing
Parent_JFrame,getMainFrame,MainFrame
Parent_JFrame,actionPerformed,Parent_JFrame,Parent_JFrame,Parent_JFrame,Parent_JFrame,Parent_JFrame,Parent_JFrame,Parent_JFrame,Parent_JFrame,Parent_JFrame
Parent_JFrame_ActionListner,actionPerformed
Customer_Details,isCellEditable
Customer_Details,getMainPanel,MainPanel
Customer_Details,actionPerformed,SearchID_TextField,SearchID_TextField,SearchID_TextField,SearchName_TextField,SearchName_TextField,SearchName_TextField
Car_Details,getTablemodel,tablemodel
Car_Details,getMainPanel,MainPanel
Car_Details,isCellEditable
Car_Details,actionPerformed,SearchRegNo_TextField,SearchRegNo_TextField,SearchRegNo_TextField,SearchName_TextField,SearchName_TextField,SearchName_TextField,SearchName_TextField
Car_Details_ActionListener,actionPerformed
Customer,getBill,Bill
Customer,setBill,Bill,Bill,Bill
Customer,toString,Bill
Customer,Add,Customer
Customer,Update,Customer
Customer,Remove,Customer
Customer,SearchByName,Customer
Customer,SearchByCNIC,Customer
Customer,SearchByID,Customer
Customer,View
Booking,getID,ID
Booking,setID,ID,ID,ID
Booking,getCustomer,customer
Booking,setCustomer,customer,customer,customer
Booking,getCar,car
Booking,setCar,car,car,car
Booking,getRentTime,RentTime
Booking,setRentTime,RentTime,RentTime,RentTime
Booking,getReturnTime,ReturnTime
Booking,setReturnTime,ReturnTime,ReturnTime,ReturnTime
Booking,toString,ID,customer,car,RentTime,ReturnTime
Booking,Add,Booking,ID,ID,ID,ReturnTime
Booking,Update,Booking,ID,ID
Booking,Remove,Booking,ID,ID
Booking,calculateBill
Booking,SearchByCustomerID,customer
Booking,SearchByCarRegNo,car
Booking,SearchByCarID,car
Booking,View
Booking,getBookedCars,Booking,ReturnTime,car
Booking,getUnbookedCars,Booking
CarOwner,getBalance,Balance
CarOwner,setBalance,Balance,Balance,Balance
CarOwner,toString,Balance
CarOwner,Add,CarOwner
CarOwner,Update,CarOwner
CarOwner,Remove,CarOwner
CarOwner,SearchByName,CarOwner
CarOwner,SearchByCNIC,CarOwner
CarOwner,SearchByID,CarOwner
CarOwner,getAllCars
CarOwner,View
Person,getID,ID
Person,setID,ID,ID,ID
Person,getCNIC,CNIC
Person,setCNIC,CNIC,CNIC,CNIC
Person,getName,Name
Person,setName,Name,Name,Name
Person,getContact_No,Contact_No
Person,setContact_No,Contact_No,Contact_No,Contact_No
Person,Add
Person,Update
Person,Remove
Person,toString,ID,CNIC,Name,Contact_No
Person,isCNICValid
Person,isContactNoValid
Person,isNameValid,Name,Name,Name,Name
Person,isIDvalid,ID,ID,ID,ID
Car,getID,ID
Car,setID,ID,ID,ID
Car,getMaker,Maker
Car,setMaker,Maker,Maker,Maker
Car,getName,Name
Car,setName,Name,Name,Name
Car,getColour,Colour
Car,setColour,Colour,Colour,Colour
Car,getType,Type
Car,setType,Type,Type,Type
Car,getSeatingCapacity,SeatingCapacity
Car,setSeatingCapacity,SeatingCapacity,SeatingCapacity,SeatingCapacity
Car,getModel,Model
Car,setModel,Model,Model,Model
Car,getCondition,Condition
Car,setCondition,Condition,Condition,Condition
Car,getRegNo,RegNo
Car,setRegNo,RegNo,RegNo,RegNo
Car,getRentPerHour,RentPerHour
Car,setRentPerHour,RentPerHour,RentPerHour,RentPerHour
Car,getCarOwner,carOwner
Car,setCarOwner,carOwner,carOwner,carOwner
Car,toString,ID,Maker,Name,Colour,Type,SeatingCapacity,Model,Condition,RegNo,RentPerHour,carOwner
Car,Add,Car,ID,ID,ID
Car,Update,Car,ID,ID
Car,Remove,Car,ID,ID
Car,SearchByName,Car,Name
Car,SearchByID,Car,ID
Car,SearchByRegNo,Car,RegNo
Car,View
Car,isNameValid,Name,Name,Name,Name,Name
Car,isRegNoValid,RegNo,RegNo
Car,isRented,ID,ID
