Customer_Update,windowClosing
Customer_Update,actionPerformed,Customer,String
Customer_Update,actionPerformed
Customer_Update,actionPerformed,String,String,String,Customer,Customer_Details
Customer_Update,actionPerformed
UpdateCustomer_Inner,actionPerformed,String,String,String,Customer,Customer_Details
UpdateCustomer_Inner,actionPerformed
MainMenu,getMainPanel
MainMenu,actionPerformed,Car_Details,Customer_Details,CarOwner_Details,Runner,JFrame,Login,JPanel,Booking_Details
Car_Update,windowClosing
Car_Update,actionPerformed,String,Car_UpdateInner
Car_Update,actionPerformed
Car_Update,actionPerformed,String,Car,Car_Details
Car_Update,actionPerformed
Car_UpdateInner,actionPerformed,String,Car,Car_Details
Car_UpdateInner,actionPerformed
CarOwner_Update,windowClosing
CarOwner_Update,actionPerformed,CarOwner,String
CarOwner_Update,actionPerformed
CarOwner_Update,actionPerformed,String,String,String,CarOwner,CarOwner_Details
CarOwner_Update,actionPerformed
UpdateCarOwner_Inner,actionPerformed,String,String,String,CarOwner,CarOwner_Details
UpdateCarOwner_Inner,actionPerformed
Car_Add,windowClosing
Car_Add,actionPerformed,String,CarOwner,Car,Car_Details
Car_Add,actionPerformed
Booking_Details,isCellEditable
Booking_Details,getTablemodel
Booking_Details,getMainPanel
Booking_Details,actionPerformed,MainMenu,Runner,JFrame,Login,JPanel,Booking_BookCar,Booking_UnBookCar,String,Customer,String,Car
Booking_Details_ActionListener,actionPerformed,MainMenu,Runner,JFrame,Login,JPanel,Booking_BookCar,Booking_UnBookCar,String,Customer,String,Car
CarOwner_Remove,windowClosing
CarOwner_Remove,actionPerformed,String,CarOwner,CarOwner_Details
CarOwner_Remove_ActionListener,actionPerformed,String,CarOwner,CarOwner_Details
Customer_Add,windowClosing
Customer_Add,actionPerformed,String,String,String,Customer,Customer_Details
Customer_Add_ActionListener,actionPerformed,String,String,String,Customer,Customer_Details
Car_Remove,windowClosing
Car_Remove,actionPerformed,String,Car,Car_Details
Car_Remove,actionPerformed
Booking_UnBookCar,windowClosing
Booking_UnBookCar,actionPerformed,String,Booking,CarOwner,Customer,Booking_Details
Booking_UnBookCar,actionPerformed
CarOwner_Details,isCellEditable
CarOwner_Details,getMainPanel
CarOwner_Details,actionPerformed,String,CarOwner,String,String,CarOwner_Add,Object,CarOwner,CarOwner_Details,MainMenu,Runner,JFrame,Login,JPanel
Login,getMainPanel
Login,actionPerformed,Parent_JFrame,MainMenu,JFrame
LoginActionListener,actionPerformed,Parent_JFrame,MainMenu,JFrame
Runner,getFrame
Runner,main,Runner,Login
Customer_Remove,windowClosing
Customer_Remove,actionPerformed,String,Customer,Customer_Details
Customer_Remove_ActionListener,actionPerformed,String,Customer,Customer_Details
Booking_BookCar,windowClosing
Booking_BookCar,actionPerformed,String,String,Booking,Booking_Details
Booking_BookCar,actionPerformed
CarOwner_Add,windowClosing
CarOwner_Add,actionPerformed,String,String,String,CarOwner,CarOwner_Details
CarOwner_Add_ActionListener,actionPerformed,String,String,String,CarOwner,CarOwner_Details
Parent_JFrame,windowClosing
Parent_JFrame,getMainFrame
Parent_JFrame,actionPerformed,Car_Add,Car_Update,Car_Remove,String,String,Customer_Add,CarOwner_Add,File,File
Parent_JFrame_ActionListner,actionPerformed,Car_Add,Car_Update,Car_Remove,String,String,Customer_Add,CarOwner_Add,File,File
Customer_Details,isCellEditable
Customer_Details,getMainPanel
Customer_Details,actionPerformed,String,Customer,String,String,Customer_Add,MainMenu,Runner,JFrame,Login,JPanel,Object,Customer,Customer_Details
Car_Details,getTablemodel
Car_Details,getMainPanel
Car_Details,isCellEditable
Car_Details,actionPerformed,String,Car,String,Car_Add,Car_Update,Car_Remove,MainMenu,Runner,JFrame,Login,JPanel,Booking_BookCar,Booking_UnBookCar
Car_Details_ActionListener,actionPerformed,String,Car,String,Car_Add,Car_Update,Car_Remove,MainMenu,Runner,JFrame,Login,JPanel,Booking_BookCar,Booking_UnBookCar
Customer,getBill
Customer,setBill
Customer,toString
Customer,Add,File,ObjectOutputStream
Customer,Update,ObjectOutputStream
Customer,Remove,ObjectOutputStream
Customer,SearchByName
Customer,SearchByCNIC
Customer,SearchByID
Customer,View,ObjectInputStream,Customer
Booking,getID
Booking,setID
Booking,getCustomer
Booking,setCustomer
Booking,getCar
Booking,setCar
Booking,getRentTime
Booking,setRentTime
Booking,getReturnTime
Booking,setReturnTime
Booking,toString
Booking,Add,File,ObjectOutputStream
Booking,Update,ObjectOutputStream
Booking,Remove,ObjectOutputStream
Booking,calculateBill
Booking,SearchByCustomerID,ObjectInputStream,Booking
Booking,SearchByCarRegNo,ObjectInputStream,Booking
Booking,SearchByCarID,ObjectInputStream,Booking
Booking,View,ObjectInputStream,Booking
Booking,getBookedCars
Booking,getUnbookedCars
CarOwner,getBalance
CarOwner,setBalance
CarOwner,toString
CarOwner,Add,File,ObjectOutputStream
CarOwner,Update,ObjectOutputStream
CarOwner,Remove,ObjectOutputStream
CarOwner,SearchByName
CarOwner,SearchByCNIC
CarOwner,SearchByID
CarOwner,getAllCars
CarOwner,View,ObjectInputStream,CarOwner
Person,getID
Person,setID
Person,getCNIC
Person,setCNIC
Person,getName
Person,setName
Person,getContact_No
Person,setContact_No
Person,Add
Person,Update
Person,Remove
Person,toString
Person,isCNICValid
Person,isContactNoValid
Person,isNameValid
Person,isIDvalid
Car,getID
Car,setID
Car,getMaker
Car,setMaker
Car,getName
Car,setName
Car,getColour
Car,setColour
Car,getType
Car,setType
Car,getSeatingCapacity
Car,setSeatingCapacity
Car,getModel
Car,setModel
Car,getCondition
Car,setCondition
Car,getRegNo
Car,setRegNo
Car,getRentPerHour
Car,setRentPerHour
Car,getCarOwner
Car,setCarOwner
Car,toString
Car,Add,File,ObjectOutputStream
Car,Update,ObjectOutputStream
Car,Remove,ObjectOutputStream
Car,SearchByName
Car,SearchByID
Car,SearchByRegNo
Car,View,ObjectInputStream,Car
Car,isNameValid
Car,isRegNoValid
Car,isRented
