Customer_Update,OK_Button,Cancel_Button,ID_Label,IDValidity_Label,ID_TextField,frame,customer,Update_Button,Cancel_Button,CNIC_Label,Name_Label,Contact_Label,Email_Label,UserName_Label,Password_Label,CNICValidity_Label,contactValidity_Label,NameValidity_Label,EmailValidity_Label,UserNameValidity_Label,PasswordValidity_Label,CNIC_TextField,Name_TextField,Contact_TextField,Email_TextField,UserName_TextField,Password_TextField
UpdateCustomer_Inner,Update_Button,Cancel_Button,CNIC_Label,Name_Label,Contact_Label,Email_Label,UserName_Label,Password_Label,CNICValidity_Label,contactValidity_Label,NameValidity_Label,EmailValidity_Label,UserNameValidity_Label,PasswordValidity_Label,CNIC_TextField,Name_TextField,Contact_TextField,Email_TextField,UserName_TextField,Password_TextField
MainMenu,Image_Label,CarsButton,CustomerButton,OwnerButton,BookingButton,LogoutButton,MainPanel
Car_Update,Update_Button,Cancel_Button,CarID_Label,CarIDValidity_Label,CarID_TextField,car,Update_Button,Cancel_Button,Maker_Label,Name_Label,Color_Label,Type_Label,SeatingCapacity_Label,Model_Label,Condition_Label,RegNo_Label,RentPerHour_Label,OwnerID_Label,MakerValidity_Label,NameValidity_Label,RegNoValidity_Label,RentPerHourValidity_Label,OwnerIDValidity_Label,Maker_TextField,Name_TextField,RegNo_TextField,RentPerHour_TextField,OwnerID_TextField,Colour_ComboBox,Type_ComboBox,Model_ComboBox,Condition_ComboBox,SeatingCapacity_Spinner,carOwner
Car_UpdateInner,Update_Button,Cancel_Button,Maker_Label,Name_Label,Color_Label,Type_Label,SeatingCapacity_Label,Model_Label,Condition_Label,RegNo_Label,RentPerHour_Label,OwnerID_Label,MakerValidity_Label,NameValidity_Label,RegNoValidity_Label,RentPerHourValidity_Label,OwnerIDValidity_Label,Maker_TextField,Name_TextField,RegNo_TextField,RentPerHour_TextField,OwnerID_TextField,Colour_ComboBox,Type_ComboBox,Model_ComboBox,Condition_ComboBox,SeatingCapacity_Spinner,carOwner
CarOwner_Update,OK_Button,Cancel_Button,ID_Label,IDValidity_Label,ID_TextField,frame,carOwner,Update_Button,Cancel_Button,CNIC_Label,Name_Label,Contact_Label,Email_Label,UserName_Label,Password_Label,CNICValidity_Label,contactValidity_Label,NameValidity_Label,EmailValidity_Label,UserNameValidity_Label,PasswordValidity_Label,CNIC_TextField,Name_TextField,Contact_TextField,Email_TextField,UserName_TextField,Password_TextField
UpdateCarOwner_Inner,Update_Button,Cancel_Button,CNIC_Label,Name_Label,Contact_Label,Email_Label,UserName_Label,Password_Label,CNICValidity_Label,contactValidity_Label,NameValidity_Label,EmailValidity_Label,UserNameValidity_Label,PasswordValidity_Label,CNIC_TextField,Name_TextField,Contact_TextField,Email_TextField,UserName_TextField,Password_TextField
Car_Add,Add_Button,Cancel_Button,Maker_Label,Name_Label,Color_Label,Type_Label,SeatingCapacity_Label,Model_Label,Condition_Label,RegNo_Label,RentPerHour_Label,OwnerID_Label,MakerValidity_Label,NameValidity_Label,RegNoValidity_Label,RentPerHourValidity_Label,OwnerIDValidity_Label,Maker_TextField,Name_TextField,RegNo_TextField,RentPerHour_TextField,OwnerID_TextField,Colour_ComboBox,Type_ComboBox,Model_ComboBox,Condition_ComboBox,SeatingCapacity_Spinner
Booking_Details,tablemodel,SearchCustomerID_Button,SearchCarRegNo_Button,BackButton,LogoutButton,BookCar_Button,UnbookCar_Button,CustomerID_TextField,CarRegNo_TextField,jScrollPane1,jTable1,MainPanel
Booking_Details_ActionListener
CarOwner_Remove,Remove_Button,Cancel_Button,ID_Label,IDValidity_Label,ID_TextField,frame
CarOwner_Remove_ActionListener
Customer_Add,Add_Button,Cancel_Button,CNIC_Label,Name_Label,Contact_Label,Email_Label,UserName_Label,Password_Label,CNICValidity_Label,contactValidity_Label,NameValidity_Label,EmailValidity_Label,UserNameValidity_Label,PasswordValidity_Label,CNIC_TextField,Name_TextField,Contact_TextField,Email_TextField,UserName_TextField,Password_TextField,frame
Customer_Add_ActionListener
Car_Remove,Remove_Button,Cancel_Button,CarID_Label,CarIDValidity_Label,CarID_TextField,car
Booking_UnBookCar,UnBook_Button,Cancel_Button,CarID_Label,CarIDValidity_Label,CarID_TextField,car
CarOwner_Details,SearchID_TextField,SearchID_Button,SearchName_Button,Update_Button,Add_Button,Remove_Button,Back_Button,Logout_Button,ClearBalance_Button,jScrollPane1,jTable1,SearchName_TextField,tablemodel,MainPanel
Login,MiniPanel,MainPanel,Close_Button,Login_Button,PW_Label,UN_Label,Image_jLabel,info_Label,UN_TextField,Password_Field
LoginActionListener
Runner,FRAME,icon,L1
Customer_Remove,Remove_Button,Cancel_Button,ID_Label,IDValidity_Label,ID_TextField,frame
Customer_Remove_ActionListener
Booking_BookCar,Book_Button,Cancel_Button,CarID_Label,CarIDValidity_Label,CustomerID_Label,CustomerIDValidity_Label,CarID_TextField,CustomerID_TextField,car,customer
CarOwner_Add,Add_Button,Cancel_Button,CNIC_Label,Name_Label,Contact_Label,Email_Label,UserName_Label,Password_Label,CNICValidity_Label,contactValidity_Label,NameValidity_Label,EmailValidity_Label,UserNameValidity_Label,PasswordValidity_Label,CNIC_TextField,Name_TextField,Contact_TextField,Email_TextField,UserName_TextField,Password_TextField,frame
CarOwner_Add_ActionListener
Parent_JFrame,MainFrame,menu_Bar,File,CarMenu,CustomerMenu,CarOwnerMenu,HelpMenu,Exit,addCar,updateCar,removeCar,ViewUnbookedCars,ViewbookedCars,addCustomer,updateCustomer,removeCustomer,addCarOwner,updateCarOwner,removeCarOwner,ViewJavaDoc,ViewDocumentation,About
Parent_JFrame_ActionListner
Customer_Details,SearchID_TextField,SearchID_Button,SearchName_Button,Update_Button,Add_Button,Remove_Button,Back_Button,Logout_Button,ClearBill_Button,jScrollPane1,jTable1,SearchName_TextField,tablemodel,MainPanel
Car_Details,tablemodel,SearchName_Button,SearchRegNo_Button,Add_Button,Update_Button,Remove_Button,BackButton,LogoutButton,SearchName_TextField,SearchRegNo_TextField,jScrollPane1,jTable1,MainPanel
Car_Details_ActionListener
Customer,Bill
Booking,ID,customer,car,RentTime,ReturnTime
CarOwner,Balance
Person,ID,CNIC,Name,Contact_No
Car,ID,Maker,Name,Colour,Type,SeatingCapacity,Model,Condition,RegNo,RentPerHour,carOwner
